<?xml version="1.0" encoding="ISO-8859-1"?>
<?xml-stylesheet type="text/css" href="adempiereDocument.css"?>

<adempiereDocument>
    <header>Budget360_2pack Package Description</header>
    <H1>Package Name:</H1>
    <packagename>Budget360_2pack</packagename>
    <H1>Creator:</H1>
    <creator>1</creator>
    <H1>Email Address:</H1>
    <creatorcontact>1</creatorcontact>
    <H1>Created:</H1>
    <createddate>2014-05-14 02:30:55</createddate>
    <H1>Updated:</H1>
    <updateddate>2014-05-23 06:59:04</updateddate>
    <H1>Description:</H1>
    <description>1</description>
    <H1>Instructions:</H1>
    <instructions>1</instructions>
    <H1>Files in Package:</H1>
    <file>File: PackOut.xml</file>
    <filedirectory>Directory: \dict\</filedirectory>
    <filenotes>Notes: Contains all application/object settings for package</filenotes>
</adempiereDocument>
