<?xml version="1.0" encoding="UTF-8"?>
<idempiere Name="GL_BudgetConfig" Version="1.0.0" idempiereVersion="2.0.0.v20140610-0241" DataBaseVersion="2013-10-31" Description="" Author="SuperUser" AuthorEmail="superuser @ idempiere.com" CreatedDate="Sun Jun 15 08:32:26 MYT 2014" UpdatedDate="Sun Jun 15 08:32:26 MYT 2014" PackOutVersion="100" UpdateDictionary="true" Client="11-GardenWorld-GardenWorld" AD_Client_UU="3268b9a8-10d8-466d-96e5-aa01166408fa">
    <GL_BudgetConfig type="table">
        <AD_Client_ID reference="id">11</AD_Client_ID>
        <AD_Org_ID reference="id">11</AD_Org_ID>
        <GL_BudgetConfig_ID>200001</GL_BudgetConfig_ID>
        <gl_budgetconfig_uu/>
        <Description/>
        <Help/>
        <IsActive>true</IsActive>
        <IsValid>false</IsValid>
        <Name>test</Name>
        <GL_Budget_ID reference="id">100</GL_Budget_ID>
        <Prorata>false</Prorata>
        <MonthToMonth>false</MonthToMonth>
        <BudgetTrend>C</BudgetTrend>
        <IsInvoiceToo>true</IsInvoiceToo>
        <IsPaymentToo>true</IsPaymentToo>
        <DebugMode>true</DebugMode>
        <Account_ID reference="id">632</Account_ID>
        <User1_ID reference="id">508</User1_ID>
        <GL_Budget_Previous_Month>0</GL_Budget_Previous_Month>
        <GL_Budget_Previous_Year>3.000000000000</GL_Budget_Previous_Year>
    </GL_BudgetConfig>
</idempiere>
