<?xml version="1.0" encoding="UTF-8"?>
<idempiere Name="AD_Package_Exp" Version="1.0.0" idempiereVersion="2.0.0.v20140127-0338" DataBaseVersion="2013-10-31" Description="" Author="SuperUser" AuthorEmail="superuser @ idempiere.com" CreatedDate="Thu Feb 06 14:38:17 ICT 2014" UpdatedDate="Thu Feb 06 14:38:17 ICT 2014" PackOutVersion="100" UpdateDictionary="true" Client="0-SYSTEM-System" AD_Client_UU="11237b53-9592-4af1-b3c5-afd216514b5d">
    <AD_Package_Exp type="table">
        <AD_Client_ID>0</AD_Client_ID>
        <AD_Org_ID>0</AD_Org_ID>
        <Processing>false</Processing>
        <Version/>
        <Processed>false</Processed>
        <PK_Version>1</PK_Version>
        <AD_Package_Type>X</AD_Package_Type>
        <Description/>
        <Name>SaereeBudget</Name>
        <UserName/>
        <AD_Package_Exp_UU>c5333287-cafa-4ca0-b1bf-dcd61c96b85f</AD_Package_Exp_UU>
        <IsActive>true</IsActive>
        <File_Directory/>
        <EMail/>
        <Instructions/>
        <ReleaseNo/>
        <DateFrom/>
        <IsExportDictionaryEntity>false</IsExportDictionaryEntity>
        <AD_Package_Exp_Detail type="table">
            <AD_Client_ID>0</AD_Client_ID>
            <AD_Org_ID>0</AD_Org_ID>
            <SQLStatement/>
            <AD_Table_ID reference="id"/>
            <ReleaseNo/>
            <AD_Window_ID reference="id"/>
            <Target_Directory/>
            <DBType>ALL</DBType>
            <Destination_Directory/>
            <Processed>false</Processed>
            <AD_Workbench_ID reference="id"/>
            <AD_Package_Code_Old/>
            <AD_ImpFormat_ID reference="id"/>
            <AD_ReportView_ID reference="id"/>
            <AD_Val_Rule_ID reference="id"/>
            <AD_Package_Code_New/>
            <Name2/>
            <Destination_FileName/>
            <FileName/>
            <Description/>
            <AD_Package_Exp_Detail_UU>658808e1-1328-4dfb-85f8-c639d4b81636</AD_Package_Exp_Detail_UU>
            <Type>ET</Type>
            <Processing>false</Processing>
            <IsActive>true</IsActive>
            <Line>10</Line>
            <File_Directory/>
            <AD_EntityType_ID reference="uuid" reference-key="AD_EntityType">48d52372-c181-418b-a227-be1e755d90ce</AD_EntityType_ID>
            <AD_Form_ID reference="id"/>
            <AD_Menu_ID reference="id"/>
            <AD_Message_ID reference="id"/>
            <AD_ModelValidator_ID reference="id"/>
            <AD_Package_Exp_ID reference="uuid" reference-key="AD_Package_Exp">c5333287-cafa-4ca0-b1bf-dcd61c96b85f</AD_Package_Exp_ID>
            <AD_PrintFormat_ID reference="id"/>
            <AD_Process_ID reference="id"/>
            <AD_Reference_ID reference="id"/>
            <AD_Role_ID reference="id">0</AD_Role_ID>
            <AD_Workflow_ID reference="id"/>
        </AD_Package_Exp_Detail>
        <AD_Package_Exp_Detail type="table">
            <AD_Client_ID>0</AD_Client_ID>
            <AD_Org_ID>0</AD_Org_ID>
            <SQLStatement/>
            <AD_Table_ID reference="id"/>
            <ReleaseNo/>
            <AD_Window_ID reference="id"/>
            <Target_Directory/>
            <DBType>ALL</DBType>
            <Destination_Directory/>
            <Processed>false</Processed>
            <AD_Workbench_ID reference="id"/>
            <AD_Package_Code_Old/>
            <AD_ImpFormat_ID reference="id"/>
            <AD_ReportView_ID reference="id"/>
            <AD_Val_Rule_ID reference="id"/>
            <AD_Package_Code_New/>
            <Name2/>
            <Destination_FileName/>
            <FileName/>
            <Description/>
            <AD_Package_Exp_Detail_UU>b2bd3fd2-5e2a-4a0c-b53f-7bf424f48c69</AD_Package_Exp_Detail_UU>
            <Type>M</Type>
            <Processing>false</Processing>
            <IsActive>true</IsActive>
            <Line>30</Line>
            <File_Directory/>
            <AD_EntityType_ID reference="id"/>
            <AD_Form_ID reference="id"/>
            <AD_Menu_ID reference="uuid" reference-key="AD_Menu">d141c3ed-ccb8-4887-8702-a192235e545d</AD_Menu_ID>
            <AD_Message_ID reference="id"/>
            <AD_ModelValidator_ID reference="id"/>
            <AD_Package_Exp_ID reference="uuid" reference-key="AD_Package_Exp">c5333287-cafa-4ca0-b1bf-dcd61c96b85f</AD_Package_Exp_ID>
            <AD_PrintFormat_ID reference="id"/>
            <AD_Process_ID reference="id"/>
            <AD_Reference_ID reference="id"/>
            <AD_Role_ID reference="id">0</AD_Role_ID>
            <AD_Workflow_ID reference="id"/>
        </AD_Package_Exp_Detail>
        <AD_Package_Exp_Detail type="table">
            <AD_Client_ID>0</AD_Client_ID>
            <AD_Org_ID>0</AD_Org_ID>
            <SQLStatement>SELECT * FROM C_DocType WHERE DocBaseType Like 'BGP'</SQLStatement>
            <AD_Table_ID reference="id">217</AD_Table_ID>
            <ReleaseNo/>
            <AD_Window_ID reference="id"/>
            <Target_Directory/>
            <DBType>ALL</DBType>
            <Destination_Directory/>
            <Processed>false</Processed>
            <AD_Workbench_ID reference="id"/>
            <AD_Package_Code_Old/>
            <AD_ImpFormat_ID reference="id"/>
            <AD_ReportView_ID reference="id"/>
            <AD_Val_Rule_ID reference="id"/>
            <AD_Package_Code_New/>
            <Name2/>
            <Destination_FileName/>
            <FileName/>
            <Description/>
            <AD_Package_Exp_Detail_UU>315a86ac-6d19-48b8-b28d-21da69ee96c7</AD_Package_Exp_Detail_UU>
            <Type>D</Type>
            <Processing>false</Processing>
            <IsActive>true</IsActive>
            <Line>15</Line>
            <File_Directory/>
            <AD_EntityType_ID reference="id"/>
            <AD_Form_ID reference="id"/>
            <AD_Menu_ID reference="id"/>
            <AD_Message_ID reference="id"/>
            <AD_ModelValidator_ID reference="id"/>
            <AD_Package_Exp_ID reference="uuid" reference-key="AD_Package_Exp">c5333287-cafa-4ca0-b1bf-dcd61c96b85f</AD_Package_Exp_ID>
            <AD_PrintFormat_ID reference="id"/>
            <AD_Process_ID reference="id"/>
            <AD_Reference_ID reference="id"/>
            <AD_Role_ID reference="id">0</AD_Role_ID>
            <AD_Workflow_ID reference="id"/>
        </AD_Package_Exp_Detail>
        <AD_Package_Exp_Detail type="table">
            <AD_Client_ID>0</AD_Client_ID>
            <AD_Org_ID>0</AD_Org_ID>
            <SQLStatement/>
            <AD_Table_ID reference="id"/>
            <ReleaseNo/>
            <AD_Window_ID reference="id">322</AD_Window_ID>
            <Target_Directory/>
            <DBType>ALL</DBType>
            <Destination_Directory/>
            <Processed>false</Processed>
            <AD_Workbench_ID reference="id"/>
            <AD_Package_Code_Old/>
            <AD_ImpFormat_ID reference="id"/>
            <AD_ReportView_ID reference="id"/>
            <AD_Val_Rule_ID reference="id"/>
            <AD_Package_Code_New/>
            <Name2/>
            <Destination_FileName/>
            <FileName/>
            <Description/>
            <AD_Package_Exp_Detail_UU>7be6b3c7-0205-45b4-b68a-b6a7a20270a5</AD_Package_Exp_Detail_UU>
            <Type>W</Type>
            <Processing>false</Processing>
            <IsActive>true</IsActive>
            <Line>20</Line>
            <File_Directory/>
            <AD_EntityType_ID reference="id"/>
            <AD_Form_ID reference="id"/>
            <AD_Menu_ID reference="id"/>
            <AD_Message_ID reference="id"/>
            <AD_ModelValidator_ID reference="id"/>
            <AD_Package_Exp_ID reference="uuid" reference-key="AD_Package_Exp">c5333287-cafa-4ca0-b1bf-dcd61c96b85f</AD_Package_Exp_ID>
            <AD_PrintFormat_ID reference="id"/>
            <AD_Process_ID reference="id"/>
            <AD_Reference_ID reference="id"/>
            <AD_Role_ID reference="id">0</AD_Role_ID>
            <AD_Workflow_ID reference="id"/>
        </AD_Package_Exp_Detail>
        <AD_Package_Exp_Detail type="table">
            <AD_Client_ID>0</AD_Client_ID>
            <AD_Org_ID>0</AD_Org_ID>
            <SQLStatement/>
            <AD_Table_ID reference="id"/>
            <ReleaseNo/>
            <AD_Window_ID reference="id">125</AD_Window_ID>
            <Target_Directory/>
            <DBType>ALL</DBType>
            <Destination_Directory/>
            <Processed>false</Processed>
            <AD_Workbench_ID reference="id"/>
            <AD_Package_Code_Old/>
            <AD_ImpFormat_ID reference="id"/>
            <AD_ReportView_ID reference="id"/>
            <AD_Val_Rule_ID reference="id"/>
            <AD_Package_Code_New/>
            <Name2/>
            <Destination_FileName/>
            <FileName/>
            <Description/>
            <AD_Package_Exp_Detail_UU>35ce5bbc-96a8-4b5f-8f50-273a2b8d6e43</AD_Package_Exp_Detail_UU>
            <Type>W</Type>
            <Processing>false</Processing>
            <IsActive>true</IsActive>
            <Line>22</Line>
            <File_Directory/>
            <AD_EntityType_ID reference="id"/>
            <AD_Form_ID reference="id"/>
            <AD_Menu_ID reference="id"/>
            <AD_Message_ID reference="id"/>
            <AD_ModelValidator_ID reference="id"/>
            <AD_Package_Exp_ID reference="uuid" reference-key="AD_Package_Exp">c5333287-cafa-4ca0-b1bf-dcd61c96b85f</AD_Package_Exp_ID>
            <AD_PrintFormat_ID reference="id"/>
            <AD_Process_ID reference="id"/>
            <AD_Reference_ID reference="id"/>
            <AD_Role_ID reference="id">0</AD_Role_ID>
            <AD_Workflow_ID reference="id"/>
        </AD_Package_Exp_Detail>
        <AD_Package_Exp_Detail type="table">
            <AD_Client_ID>0</AD_Client_ID>
            <AD_Org_ID>0</AD_Org_ID>
            <SQLStatement>SELECT * FROM AD_Ref_List WHERE Value = 'BGP'</SQLStatement>
            <AD_Table_ID reference="id">104</AD_Table_ID>
            <ReleaseNo/>
            <AD_Window_ID reference="id"/>
            <Target_Directory/>
            <DBType>ALL</DBType>
            <Destination_Directory/>
            <Processed>false</Processed>
            <AD_Workbench_ID reference="id"/>
            <AD_Package_Code_Old/>
            <AD_ImpFormat_ID reference="id"/>
            <AD_ReportView_ID reference="id"/>
            <AD_Val_Rule_ID reference="id"/>
            <AD_Package_Code_New/>
            <Name2/>
            <Destination_FileName/>
            <FileName/>
            <Description/>
            <AD_Package_Exp_Detail_UU>2ebb0855-da2e-4d0e-899c-bd82b80aca37</AD_Package_Exp_Detail_UU>
            <Type>D</Type>
            <Processing>false</Processing>
            <IsActive>true</IsActive>
            <Line>12</Line>
            <File_Directory/>
            <AD_EntityType_ID reference="id"/>
            <AD_Form_ID reference="id"/>
            <AD_Menu_ID reference="id"/>
            <AD_Message_ID reference="id"/>
            <AD_ModelValidator_ID reference="id"/>
            <AD_Package_Exp_ID reference="uuid" reference-key="AD_Package_Exp">c5333287-cafa-4ca0-b1bf-dcd61c96b85f</AD_Package_Exp_ID>
            <AD_PrintFormat_ID reference="id"/>
            <AD_Process_ID reference="id"/>
            <AD_Reference_ID reference="id"/>
            <AD_Role_ID reference="id">0</AD_Role_ID>
            <AD_Workflow_ID reference="id"/>
        </AD_Package_Exp_Detail>
    </AD_Package_Exp>
</idempiere>
