<?xml version="1.0" encoding="UTF-8"?>
<idempiere Name="AD_Package_Exp" Version="1.0.0" idempiereVersion="2.0.0.v20140610-0241" DataBaseVersion="2013-10-31" Description="" Author="SuperUser" AuthorEmail="superuser @ idempiere.com" CreatedDate="Sun Jun 15 08:23:07 MYT 2014" UpdatedDate="Sun Jun 15 08:23:07 MYT 2014" PackOutVersion="100" UpdateDictionary="true" Client="0-SYSTEM-System" AD_Client_UU="11237b53-9592-4af1-b3c5-afd216514b5d">
    <AD_Package_Exp type="table">
        <AD_Client_ID>0</AD_Client_ID>
        <AD_Org_ID>0</AD_Org_ID>
        <Processing>false</Processing>
        <Version/>
        <Processed>false</Processed>
        <PK_Version>1</PK_Version>
        <AD_Package_Type>X</AD_Package_Type>
        <Description/>
        <Name>iBudget</Name>
        <UserName/>
        <AD_Package_Exp_UU>26ac7232-d365-4479-ba0d-2e5139590816</AD_Package_Exp_UU>
        <File_Directory/>
        <IsActive>true</IsActive>
        <EMail/>
        <Instructions/>
        <ReleaseNo/>
        <DateFrom/>
        <IsExportDictionaryEntity>false</IsExportDictionaryEntity>
        <AD_Package_Exp_Detail type="table">
            <AD_Client_ID>0</AD_Client_ID>
            <AD_Org_ID>0</AD_Org_ID>
            <SQLStatement/>
            <AD_Table_ID reference="id"/>
            <ReleaseNo/>
            <AD_Window_ID reference="id"/>
            <Target_Directory/>
            <DBType>ALL</DBType>
            <Destination_Directory/>
            <Processed>false</Processed>
            <AD_Workbench_ID reference="id"/>
            <AD_Package_Code_Old/>
            <AD_ImpFormat_ID reference="id"/>
            <AD_ReportView_ID reference="id"/>
            <AD_Package_Code_New/>
            <Name2/>
            <Destination_FileName/>
            <FileName/>
            <Description/>
            <AD_Package_Exp_Detail_UU>9896f556-3e32-4fc4-9fcc-56529468adf1</AD_Package_Exp_Detail_UU>
            <Type>M</Type>
            <Processing>false</Processing>
            <IsActive>true</IsActive>
            <Line>33</Line>
            <File_Directory/>
            <AD_EntityType_ID reference="id"/>
            <AD_Form_ID reference="id"/>
            <AD_Menu_ID reference="id">200077</AD_Menu_ID>
            <AD_Message_ID reference="id"/>
            <AD_ModelValidator_ID reference="id"/>
            <AD_Package_Exp_ID reference="uuid" reference-key="AD_Package_Exp">26ac7232-d365-4479-ba0d-2e5139590816</AD_Package_Exp_ID>
            <AD_PrintFormat_ID reference="id"/>
            <AD_Process_ID reference="id"/>
            <AD_Reference_ID reference="id"/>
            <AD_Role_ID reference="id">0</AD_Role_ID>
            <AD_Val_Rule_ID reference="id"/>
            <AD_Workflow_ID reference="id"/>
        </AD_Package_Exp_Detail>
        <AD_Package_Exp_Detail type="table">
            <AD_Client_ID>0</AD_Client_ID>
            <AD_Org_ID>0</AD_Org_ID>
            <SQLStatement>SELECT * FROM AD_Message WHERE EntityType = 'A'</SQLStatement>
            <AD_Table_ID reference="id">109</AD_Table_ID>
            <ReleaseNo/>
            <AD_Window_ID reference="id"/>
            <Target_Directory/>
            <DBType>ALL</DBType>
            <Destination_Directory/>
            <Processed>false</Processed>
            <AD_Workbench_ID reference="id"/>
            <AD_Package_Code_Old/>
            <AD_ImpFormat_ID reference="id"/>
            <AD_ReportView_ID reference="id"/>
            <AD_Package_Code_New/>
            <Name2/>
            <Destination_FileName/>
            <FileName/>
            <Description/>
            <AD_Package_Exp_Detail_UU>9ab790a7-26db-4fd0-8d62-ea7649c717ed</AD_Package_Exp_Detail_UU>
            <Type>D</Type>
            <Processing>false</Processing>
            <IsActive>true</IsActive>
            <Line>10</Line>
            <File_Directory/>
            <AD_EntityType_ID reference="id"/>
            <AD_Form_ID reference="id"/>
            <AD_Menu_ID reference="id"/>
            <AD_Message_ID reference="id"/>
            <AD_ModelValidator_ID reference="id"/>
            <AD_Package_Exp_ID reference="uuid" reference-key="AD_Package_Exp">26ac7232-d365-4479-ba0d-2e5139590816</AD_Package_Exp_ID>
            <AD_PrintFormat_ID reference="id"/>
            <AD_Process_ID reference="id"/>
            <AD_Reference_ID reference="id"/>
            <AD_Role_ID reference="id">0</AD_Role_ID>
            <AD_Val_Rule_ID reference="id"/>
            <AD_Workflow_ID reference="id"/>
        </AD_Package_Exp_Detail>
    </AD_Package_Exp>
</idempiere>
