Value,Name,C_UOM_ID,M_Product_Category_ID,C_TaxCategory_ID,Description,IsBOM
Spaghetti,Spaghetti,Each,Food,Standard,,Y
Burger,Burger,Each,Food,Standard,,Y
GroundNuts,Ground Nuts,Each,Food,Standard,,Y
Pizza,Pizza,Each,Food,Standard,,Y
LunchSet,Lunch Set,Each,Food,Standard,,Y
CoffeeLatte,Coffee Latte,Each,Drinks,Standard,,Y
TehTarik,Teh Tarik,Each,Drinks,Standard,,Y
Flour,Flour,kilogram,Ingredients,Standard,,N
Rice,Rice,kilogram,Ingredients,Standard,,N
Sugar,Sugar,kilogram,Ingredients,Standard,,N
Salt,Salt,kilogram,Ingredients,Standard,,N
Meat,Meat,kilogram,Ingredients,Standard,,N
Chilis,Chilis,kilogram,Ingredients,Standard,,N
Veg,Veg,kilogram,Ingredients,Standard,,N
Bun,Bun,kilogram,Ingredients,Standard,,N
CoffeeBeans,Coffee Beans,kilogram,Ingredients,Standard,,N