M_Product_ID,PP_Product_BOM_ID,QtyBom,ComponentType,C_UOM_ID,line,ValidFrom
Spaghetti,Lunch Set,1,CO,Each,10,2003-01-21 20:05:02
Coffee Latte,Lunch Set,1,CO,Each,20,2003-01-22 20:05:02
Flour,Spaghetti,0.3,CO,kilogram,10,2003-01-23 20:05:02
Salt,Spaghetti,0.04,CO,kilogram,20,2003-01-21 20:05:02
Chilis,Spaghetti,0.05,CO,kilogram,30,2003-01-22 20:05:02
Veg,Spaghetti,0.1,CO,kilogram,40,2003-01-21 20:05:02
Meat,Spaghetti,0.1,CO,kilogram,50,2003-01-21 20:05:02
Sugar,Coffee Latte,0.1,CO,kilogram,10,2003-01-22 20:05:02
Coffee Beans,Coffee Latte,0.2,CO,kilogram,20,2003-01-23 20:05:02