M_Product_ID,M_PriceList_Version_ID,PriceLimit,PriceList,PriceStd
Spaghetti,Standard 2017,0,13,13
Burger,Standard 2017,0,11,11
Ground Nuts,Standard 2017,0,4,4
Pizza,Standard 2017,0,12,12
Lunch Set,Standard 2017,0,16,16
Coffee Latte,Standard 2017,0,4,4
Teh Tarik,Standard 2017,0,2,2
Flour,Purchase 2017,0,2,2
Rice,Purchase 2017,0,5,5
Sugar,Purchase 2017,0,2.5,2.5
Salt,Purchase 2017,0,0.9,0.9
Meat,Purchase 2017,0,11,11
Chilis,Purchase 2017,0,6,6
Veg,Purchase 2017,0,1.5,1.5
Bun,Purchase 2017,0,2.7,2.7
Coffee Beans,Purchase 2017,0,6.5,6.5